Alistipes_shahii_WAL_8301,Bacteroides_caccae_ATCC_43185,Bacteroides_coprocola_M16_DSM_17136,Bacteroides_fragilis_NCTC_9343,Bacteroides_intestinalis_341_DSM_17393,Bacteroides_thetaiotaomicron_VPI_5482,Bacteroides_uniformis_ATCC_8492,Bifidobacterium_adolescentis_ATCC_15703,Bifidobacterium_longum_NCC2705,Clostridium_clostridioforme_CM201,Collinsella_tanakaei_YIT_12063,Escherichia_coli_str_K_12_substr_MG1655,Faecalibacterium_prausnitzii_L2_6,Haemophilus_parainfluenzae_T3T1,Megasphaera_elsdenii_DSM_20460,Parabacteroides_distasonis_ATCC_8503,Parabacteroides_johnsonii_DSM_18315,Prevotella_ruminicola_23,Roseburia_intestinalis_L1_82,Shigella_flexneri_2002017
EX_cl(e),3OAS120,H2CO3D,MECDPDH2,UGMDDS,EX_cl(e),EAR120x,EX_mn2(e),EX_mn2(e),PAI17P,3OAR11M12,G5SDr,G5SDr,2MBCOATA,CHORS,EX_cl(e),EAR120x,CBIAT,UGMDDS,CBIAT
UGMDDS,COBALTt5pp,UAPGR,EX_cl(e),GLCTR3,UGMDDS,HEPT1,MECDPDH2,MECDPDH2,CBIAT,AACPS6,PNP,GMPS2,EX_thm(e),AGMHE,UGMDDS,HEPT1,AMPTASECG,ARGSL,EAR120x
3OAR11M12,RBFSb,GAPD,UGMDDS,Cuabcpp,3OAR11M12,PRATPP,PGPGT,PGPGT,AMPTASECG,G3PATI17,TDPDRRr,PGMT,H2CO3D,IPDPUPT,3OAR11M12,PRATPP,EAR120x,rtranscription,UPPDC1
GLCTR3,3OAS140,RHCCE,3OAR11M12,HEPT3,GLCTR3,EAR60x,THRS,THRS,TECAUE,ARGSL,HEPK1,UAAGDS,r1667pp,2MBCOATA,GLCTR3,EAR60x,HEPT1,EX_mg2(e),HEPT1
Cuabcpp,GMHEPAT,MOAT3C,GLCTR3,ARGSL,MET_Ltex,CBPS,CYSTS,EX_cl(e),EX_cgly(e),PAAI17P,UAAGDS,CO2t,UAPGR,H2CO3D,MET_Ltex,CBPS,EX_pro_L(e),CA2abc,EAR60x
G3PATI17,IPPMIb,RBFSa,Cuabcpp,rtranscription,Cuabcpp,METAT,EX_cl(e),COBALTt5,IVCOATA,rtranscription,EDTXS2,CYSt2r,VALTA,UAPGR,Cuabcpp,METAT,EAR60x,LEUTA,IVCOATA
HEPT3,ENO,PItex,3OAR180,TDPGDH,3OAR180,Htex,COBALTt5,GLYMET1c,METAT,EX_mg2(e),KDOCT2,RPE,GAPD,VALTA,3OAR180,XYL_Dtex,EX_cgly(e),AMPTASEGC,METAT
ARGSL,ZN2tex,KDOPP,G3PATI17,3OAS80,G3PATI17,EAR140x,DM_5MTR,UGMDDS,EX_pheme(e),3HAD8M10,UAGCVT_r,UAGCVT_r,RHCCE,GAPD,G3PATI17,Htex,IVCOATA,ASPKi,EAR140x
rtranscription,3OAR80,TRDRr,GCALDD,EX_mg2(e),GCALDD,3HAD40,UGMDDS,PGAMT,UDCPDP,ALALEU1c,CDPMEK,CDPMEK,MOAT3C,MOAT3C,HEPT3,EAR140x,METAT,ADSS,3HAD40
TDPGDH,CSPG_Btex,EX_cu2(e),HEPT3,CDOSKT,HEPT3,UDCPDP,PGAMT,ACLS_a,UDCPDPS,ADK2,SUCOAS,PGCDr,RBFSa,RBFSa,FT,3HAD40,XYLAN_DEGepp,UDPGDr,UDCPDP
EX_mg2(e),UAGPT3,FE2abcpp,FT,LEUTA,FT,UDCPDPS,PRFGS,DHQS,TECAGE,RZ5PP,SO4tex,Coabc,KDOPP,PItex,ARGSL,UDCPDP,Htex,ADK10,UDCPDPS
CDOSKT,DXPRIr,EX_met_L(e),ARGSL,EX_lys_L(e),ARGSL,RBFK,ACLS_a,DTMPK,RBFK,METALA1c,U23GAAT,NNATr,TRDRr,KDOPP,rtranscription,UDCPDPS,EAR140x,DHQTi,RBFK
3HAD8M10,EX_cspg_ab_rest(e),DPCOAK,rtranscription,DPR,rtranscription,SHKK,PGSAAI17,EX_glcur(e),SHKK,GLYGLNabc,3HAD120,DDGLK,DMQMT,TRDRr,TDPGDH,RBFK,3HAD40,TECA4S,SHKK
ADK2,PYDXNtex,ACPS1,TDPGDH,COBALT2tex,TDPGDH,DB4PS,3OAR11M12,CHORS,GLYC3Pabc,TECA5SAI17,PPCDC,PPCDC,3OAS4M3O6,3OAS4M3O6,3OAS80,SHKK,ILE_Ltex,OCBT,EAR10M12x
LEUTA,CLtex,MOHMT,3OAS80,MN2tex,3OAS80,G5SADs,DHQS,OROTPT,EAR10M12x,AMPTASEGC,dreplication,dreplication,EX_cu2(e),EX_cu2(e),EX_mg2(e),H2Stpp,UDCPDP,DDPA,GTPCI
RZ5PP,IG3PS,EX_pi(e),EX_mg2(e),3OAR60,EX_mg2(e),TRP_Ltex,ADSL1r,G1PACT,HETT,ASPKi,DXPS,DXPS,ACOAAGPATAI17,FE2abcpp,CDOSKT,DB4PS,UDCPDPS,3MOBS,HETT
EX_srv(e),3OAS100,HEPT4,CDOSKT,HEPK2,CDOSKT,TDSK,DTMPK,AGPR,G5SADs,TECA3S180,FMNAT,FMNAT,DPCOAK,ACOAAGPATAI17,3HAD8M10,TKT1,RBFK,DAPDC,DB4PS
IZPN,UAGAAT,DHAD2,3HAD8M10,HEPT2,3HAD8M10,CA2tex,3OAR10M12,OMPDC,G3PATAI17,3HAD10M12,ZNabcpp,ADK3,ADOCBLS,DPCOAK,LEUTA,G5SADs,SHKK,DAPE,G5SADs
PYNP_SRV,AGPR,biomass536,ADK2,3HAD60,ADK2,USHD,OMPHHX3,ARGSS,EX_sheme(e),3OAS11M12,MNt2pp,PGPGT,ACPS1,ADOCBLS,ADCS,TDSK,EAR10M12x,PRAI,G3PATAI17
COBALT2tex,GALUi,ASAD,LEUTA,FE3tex,ALAS,EX_zn2(e),PTPAT,EX_biomass(e),IHDUDPMG,3OAR7M8,THRS,THRS,ADMDCr,ACPS1,RZ5PP,H2Stex,TKT1,EX_nac(e),TDSK
ASPKi,RHAT1,ILETA,ADCS,L2A6ODs,LEUTA,UMPK,AICART,UAMAGS,PSSAAI17,PSSAI17,GLCTR2,ACLS_a,biomass265,ACODAr,EX_lys_L(e),CA2tex,G3PATAI17,UAGDP,CA2tex
MN2tex,LPADSS,MCOATA,RZ5PP,DHQTi,ADCS,GTPCII,CHORS,DHAD1,AIHDUPDG,ADSS,ACLS_a,DHQS,HEPT4,EX_pi(e),DPR,USHD,NAt3_1pp,G5SDr,PSSAAI17
3HAD10M12,TDPDRE,PRAMPC,EX_lys_L(e),OCBT,RZ5PP,3OAR40,AIHPDCOATA,EX_pi(e),sink_PGPm1[c],DAPabc,PTPAT,PTPAT,3HAD11M12,HEPT4,COBALT2tex,EX_zn2(e),TDSK,GMPS2,EAR7M8x
TTDCAtex,CHORM,PRMICI,DPR,3HAD80,EX_lys_L(e),RNTR3,OROTPT,MECDPS,EAR7M8x,OMBZLM,OHPBAT,CHORS,EX_orn(e),3HAD11M12,ASPKi,UMPK,CA2tex,ACHBPL,USHD
3OAS11M12,AHC,ACOATA,COBALT2tex,DDPA,DPR,PANTS,G1PACT,OCBT,EX_pydx(e),DHQTi,AGMHE,UGMDDS,3HAD6M8,3HAD6M8,MN2tex,PFL,PSSAAI17,ALAPGPL,NAPRT
HEPK2,UHGADA,NACtex,ASPKi,3MOBS,COBALT2tex,A5PISO,AGPR,UACMAMAT,NAPRT,TECA4S,EAR120x,rtranscription,CAt4ipp,ADSL2r,3OAR60,GTPCII,EAR7M8x,DMATT,EAR4M6x
3OAR7M8,GMHEPK,EDTXS1,NACt2rpp,3HAD100,ASPKi,GRTT,OMPDC,SHK3Dr,EAR4M6x,HXPRT,HEPT1,EX_meoh(e),MTAN,CAt4ipp,3HAD10M12,3OAR40,USHD,GLUR,EX_zn2(e)
PSSAI17,RNTR2,S7PIr,MN2tex,EX_xylan(e),MN2tex,EX_ca2(e),ARGSS,CDPGLYCGPT,EX_zn2(e),PGSA180,EAR60x,EX_mg2(e),MNabcpp,DHAD2,3OAS11M12,RNTR3,EX_ile_L(e),UAG4E,GCALDDr
HEPT2,PHETA1,UGMDDS,3OAR60,SO4t2pp,3OAR60,IMPC,EX_biomass(e),DDPA,MK7te,DDPA,METAT,EX_his_L(e),3OAR6M8,Kt1rpp,HEPK2,PANTS,PIt7irpp,ASPCT,3OAR40
FE3tex,DHPPDA,GLCTR3,3HAD10M12,DAPMDH,3HAD10M12,MECDPDH2,CLPNSAI17,3MOBS,PSD180,DAPDC,3HAD40,CA2abc,GLYCL,3OAR6M8,3OAR7M8,A5PISO,CGLYt3_2_pp,IPPMIb,PSD180
ADOCBIK,EAR100x,MET_Ltex,3OAS11M12,TKT2,3OAS11M12,EX_cl(e),ACBIPGT,EX_glymet(e),SUCCt2r,TKT2,UDCPDP,LEUTA,BTNCLi,BTNCLi,PSSAI17,GRTT,EAR4M6x,TYRTA,PANTS
ADK10,EX_cobalt2(e),Cuabcpp,HEPK2,UAGDP,PULLULAN1200tex,H2CO3D,G3PATI17,AMPTASECG,TECA2SAI17,3OAR13M14,UDCPDPS,EX_lys_L(e),FRTT,MG2abcpp,HEPT2,EX_ca2(e),3HAD160,MALTTRabc,A5PISO
DHQTi,PGMT,HEPT3,3OAR7M8,G5SDr,HEPK2,UAPGR,NTD4,DAPE,GRTT,EX_nac(e),RBFK,METALA1c,MCOATA,EAR14M16,3HAD60,IMPC,EX_zn2(e),UAGPT3,GRTT
ADNCNT3tcpp,TDPDRRr,ARGSL,PSSAI17,PGMT,3OAR7M8,VALTA,EAR15M16x,EX_fe2(e),ACOAAGPATI17,UAGDP,G5SADs,ASPKi,3OAS13M14,ILETA,DHQTi,MECDPDH2,UMPK,P5CRyr,SHCHF
PGSA180,ARABINOGALtex,rtranscription,HEPT2,TDPDRRr,PSSAI17,GAPD,UAMAGS,CSND,EX_ca2(e),PGPPI17,TDSK,UDPGDr,ACOATA,MCOATA,OCBT,EX_cl(e),PFL,DXPRIr,ACOAAGPATI17
DDPA,HEPK1,TDPGDH,3HAD60,HEPK1,HEPT2,RHCCE,3OAR5M6,DHAD2,FE2abc,CAt4i,biomass525,NACUP,3HAD15M16,3OAS13M14,3HAD80,UGMDDS,3OAR40,DHORDnad,EX_ca2(e)
3MOBS,CA2abcpp,3OAS80,FE3tex,CA2abcpp,3HAD60,MOAT3C,MEPCT,PGM,GGTA,G5SDr,CA2tex,ADK10,EDTXS1,ACOATA,PGSA180,GLCTR3,PSD180,ADSL1r,MECDPDH2
DAPDC,UAAGDS,EX_mg2(e),PROt4rpp,UAAGDS,PROt4rpp,RBFSa,H2Ot,MNt2,MECDPDH2,PGMT,USHD,DHQTi,4HBZCL,3HAD15M16,DDPA,Cuabcpp,PANTS,MNabc,EX_cl(e)
EX_bvu(e),ACOTA,CDOSKT,DHQTi,26DAPt2rpp,HMBS,PItex,DASYNAI17,PRAI,EX_26dap_M(e),PGSAI17,EX_zn2(e),TECA4S,METFR,CBIAT,3MOBS,HEPT3,A5PISO,AGPR,UGMDDS
SO4t2pp,EDTXS2,EX_lys_L(e),OCBT,ACOTA,DHQTi,KDOPP,G1SAT,PSCVT,3OAR12M14,G3PD1,3OAR40,DDPA,S7PIr,EAR120x,3HAD100,ARGSL,GRTT,CHORM,3OAR11M12
EX_glyc3p(e),EX_cspg_b(e),DPR,3HAD80,EDTXS2,OCBT,TRDRr,UAGCVT_r,G3PCT,UAAGDS,PAI17P,A5PISO,3MOBS,G1SAT,HEPT1,DAPE,rtranscription,ACOAAGPATI17,GLU5K,GLCTR3
TKT2,KDOCT2,COBALT2tex,PGSA180,KDOCT2,3HAD80,EX_cu2(e),ADOCBIK2,Cuabc,ACOTA,CBIAT,GRTT,HISt2r,DNMPPA,EAR60x,PRAI,TDPGDH,EX_ca2(e),RNTR2,FE2DH
3OAR13M14,UAGCVT_r,ASPKi,DDPA,UAGCVT_r,PGSA180,FE2abcpp,CDPMEK,PGK,3HAD9M10,NAt3_1,EX_ca2(e),DAPE,UAGDP,IVCOATA,SO4t2pp,3OAS80,GLYCtpp,PHETA1,Cuabcpp
UAGDP,CDPMEK,NACt2rpp,3HAD100,CDPMEK,DDPA,EX_met_L(e),EX_so4(e),THDPS,UAGCVT_r,TECAUE,MECDPDH2,EX_glyc3p(e),PGPPI17,3HAD40,3OAR13M14,EX_mg2(e),MECDPDH2,EX_cobalt2(e),3OAR180
PGPPI17,SUCOAS,MN2tex,TRSARr,NNATr,3HAD100,DPCOAK,PSSAAI17,TECAUE,CDPMEK,EX_cgly(e),H2CO3D,TKT2,G5SDr,EX_sucr(e),UAGDP,CDOSKT,AGMHE,PPNDH,G3PATI17
G5SDr,NNATr,3OAR60,DAPE,SO4tex,TRSARr,ACPS1,ACHBPL,EX_cgly(e),FACOAL180i,IVCOATA,UAPGR,PSERT,GMPS2,UDCPDP,PHEMEtex,LEUTA,2MBCOATA,ALAR,HEPT3
2MBCOATA,HISTP,HEPK2,SO4t2pp,HISTP,DAPE,PDX5PO2,ALAPGPL,UPPRT,PSDAI17,EX_alaleu(e),MOAT3C,EX_nac(e),PGMT,RBFK,CBIAT,EX_lys_L(e),3OAS180,FUMt2r,rtranscription
HSERTA,EX_gncore2(e),HEPT2,TKT2,U23GAAT,PRAI,MOHMT,DMATT,CBPS,AIHDUDPMG,METAT,KDOPP,UAGDP,PGSAI17,SHKK,Q8abcpp,DPR,5MTHCYST,TECAUE,TDPGDH
EX_thm(e),U23GAAT,3HAD60,3OAR13M14,4HTHDS,SUCBZL,EX_pi(e),FACOAL180i,METAT,3HAD14M16,GLYASN1c,TRDRr,H2Ot,TDPDRRr,EAR10M12x,AMPTASECG,COBALT2tex,UAPGR,METAT,3OAS80
SRVtex,ACGK,FE3tex,EX_nac(e),ACGK,SO4t2pp,HEPT4,sink_PGPm1[c],PAPPT3,EAR11M12x,EAR5M6,EX_cu2(e),UAPGR,HEPK1,GTPCI,EAR120x,SHSL2,VALTA,UDCPDP,EX_mg2(e)
UAPGR,UGLT,DM_dhptd(c),SHSL4,3HAD120,3OAR13M14,ADSL2r,PSDAI17,GF6PTA,ACGK,EX_pheme(e),FE2abcpp,VALTA,UPP3S,DB4PS,HEPT1,MN2tex,NP1_r,UDCPDPS,CDOSKT
VALTA,3HAD120,DHQTi,PGPPI17,PPCDC,FRUK,DHAD2,EAR7M8x,UAGDP,TYRL,UDCPDP,PERD,EX_thymd(e),ARG_Ltex,TKT1,PRATPP,3OAR60,GAPD,TECAGE,3HAD8M10
MOAT3C,PPCDC,OCBT,sink_gthrd(c),dreplication,UAGDP,biomass536,CHRPL,biomass525,PYDXabc,UDCPDPS,DPCOAK,GAPD,3OAR12M14,G5SADs,EAR60x,HEPK2,MOAT3C,RBFK,ADK2
KDOPP,dreplication,3HAD80,PHEMEtex,DXPS,PGPPI17,ILETA,LARGNAT,UAGCVT_r,PPCDC,TECAGE,ACPS1,EX_tyr_L(e),ALAHISabcpp,G3PATAI17,EX_cgly(e),HEPT2,PLPS,SHKK,LEUTA
TRDRr,DXPS,DDPA,CBIAT,FMNAT,sink_gthrd(c),MCOATA,GLUR,CDPMEK,dreplication,RBFK,HEPT4,ACGAMT,L2A6OD2s,TDSK,IVCOATA,ADSS,PItex,G5SADs,ADCS
3OAS4M3O6,FMNAT,3HAD100,Q8abcpp,XYLI1,EX_o2(e),PRAMPC,ACGS,EX_so4(e),DXPS,SHKK,CAt4ipp,TRDRr,UAAGDS,CA2tex,CBPS,3HAD60,ZN2t4pp,TKT1,RZ5PP
EX_cu2(e),DHFR,DAPE,EAR120x,DHFR,SHCHCS3,PRMICI,EX_metala(e),UDPG4E,FMNAT,HETT,DHAD2,EX_cu2(e),3HAD9M10,PSSAAI17,METAT,DHQTi,KDOPP,biomass525,DPR
FE2abcpp,ZNabcpp,SO4t2pp,HEPT1,ZNabcpp,DHORTS,ACOATA,SUCOAS,ACHBPL,3OAR4M6,G5SADs,THDPS,EX_ribflv(e),EDTXS2,EAR7M8x,EX_pheme(e),OCBT,3OAS4M3O6,sink_PGPm1[c],COBALT2tex
EX_ribflv(e),MNt2pp,PSERT,PRATPP,MNt2pp,UAPGR,NACtex,UAG4E,ALAPGPL,DHFR,G3PATAI17,ASAD,DPCOAK,HMPK1,ACGS,Htex,3HAD80,EX_cu2(e),ACGS,ASPKi
ACOAAGPATAI17,THRS,EX_nac(e),EX_pro_L(e),THRS,VALTA,EDTXS1,GLUTRS,DMATT,ADK3,EX_sheme(e),ILETA,ACPS1,KDOCT2,USHD,EAR140x,DDPA,FE2abcpp,EX_alagln(e),EX_man6p(e)
DPCOAK,GHMT2r,UAGDP,EAR60x,GHMT2r,GAPD,S7PIr,NNATr,sink_PGPm1[c],PGPGT,IHDUDPMG,MCOATA,GUI2,UAGCVT_r,23DHMPO,3HAD40,3MOBS,EX_met_L(e),NAPRT,MN2tex
ADOCBLS,GLCTR2,EAR120x,IVCOATA,GLCTR2,MOAT3C,UGMDDS,OIVD3,LARGNAT,EAR6M8x,PSSAAI17,ACOATA,FE3abc,CDPMEK,EAR4M6x,UDCPDP,3HAD100,NICRNS,EX_zn2(e),3OAR60
ACPS1,ACLS_a,HEPT1,CBPS,ACLS_a,RBFSa,GLCTR3,UAG2E,GLUR,GHMT2r,ALALEUabc,E4PD,CDPGLYCGPT,PSDAI17,biomass370,RBFK,PRAI,EX_ribflv(e),UMPK,3HAD10M12
MOHMT,DHQS,PRATPP,GLNS,DHQS,AMPMS2,MET_Ltex,ADPT,ACGS,COBALTt5,AIHDUPDG,EDTXS1,DHAD2,SUCOAS,EX_zn2(e),SHEMEtex,SO4t2pp,ACOAAGPATAI17,PFL,3OAS11M12
HEPT4,HSTPTr,EAR60x,EX_pheme(e),HSTPTr,PItex,Cuabcpp,SDPTA,SUCOAS,ACLS_a,sink_PGPm1[c],S7PIr,G3PCT,SO4tex,UMPK,SHKK,PSERT,DPCOAK,RNTR3,HEPK2
3HAD11M12,ASP1DC,CBPS,Htex,ASP1DC,NCPTRCA,HEPT3,3HAD14M16,EX_co2(e),DHQS,EX_pydx(e),EX_cl(e),ALAGLN1c,U23GAAT,GTPCII,EAR10M12x,UAGDP,ADOCBLS,PANTS,3OAR7M8
3HAD6M8,PTPAT,METAT,EAR140x,PTPAT,KDOPP,ARGSL,NAPRT,UAG4E,PTPAT,NAPRT,UGMDDS,PECTIN_DEGe,4HTHDS,3OAR40,GTPCI,G5SDr,ACPS1,GRTT,PSSAI17
CAt4ipp,AICART,XYL_Dtex,3HAD40,AICART,TRDRr,rtranscription,CLPNSI17,NNATr,CHORS,EX_zn2(e),GLCTR3,ASAD,3HAD14M16,PSD180,LMN2epp,TDPDRRr,H2Otpp,EX_ca2(e),HEPT2
DHAD2,3HAD140,EAR140x,UDCPDP,3HAD140,3OAS4M3O6,TDPGDH,ACGK,UAG2E,ARGSS,UMPK,Cuabcpp,IPDPS2,EAR11M12x,RNTR3,DB4PS,EX_o2(e),MOHMT,IMPC,3HAD60
ASAD,CHORS,3HAD40,RBFK,CHORS,EX_cu2(e),3OAS80,PGPPAI17,SDPTA,TECA5SI17,PSD180,HEPT3,TECAAE,TYRL,A5PISO,G3PATAI17,UAPGR,EX_pi(e),FE2abc,P1CM
3OAR6M8,ARGSS,UDCPDP,SHEMEtex,ARGSS,FE2abcpp,EX_mg2(e),3HAD5M6,ACGK,2MBCOATA,SUCCt2r,rtranscription,ILETA,PPBNGS,GRTT,biomass345,VALTA,HEPT4,MECDPDH2,FE3tex
SRVt2pp,AGMHE,UDCPDPS,SHKK,AGMHE,EX_met_L(e),CDOSKT,3OAS6M8,IPPMIb,EX_thm(e),TECA2SAI17,TDPGDH,TAGURr,3HAD120,ACOAAGPATI17,EX_sheme(e),GAPD,3HAD11M12,EX_cl(e),HMBS
HEMEtipp,HSERTA,RBFK,EAR10M12x,EAR120x,ACOAAGPATAI17,LEUTA,ASPCT,EX_zn2(e),UAPGR,GRTT,3OAS80,NAt3_1,PPCDC,EX_ca2(e),TDSK,MOAT3C,3HAD6M8,H2Ot,DM_dhptd(c)
ILETA,H2CO3D,SHKK,GTPCI,HEPT1,DPCOAK,DPR,IPPMIb,ALAALA,VALTA,ACOAAGPATI17,EX_mg2(e),TECAUE,dreplication,IMPC,CA2tex,RBFSa,CAt4ipp,H2CO3D,GLUTRR
MCOATA,UGMDDS,DB4PS,DB4PS,PRATPP,ADOCBLS,COBALT2tex,EX_zn2(e),EX_k(e),ACGAMT,EX_ca2(e),CDOSKT,METAT,DXPS,MECDPDH2,DM_4HBA,PItex,Kt1rpp,DHORTS,DHQTi
PRAMPC,GLCTR3,TKT1,TKT1,EAR60x,ACPS1,ASPKi,TECA4S,ASAD,TRDRr,METALAabc,LEUTA,UDCPDP,FMNAT,EX_cl(e),PSSAAI17,KDOPP,EAR180x,UAPGR,3HAD80
3OAS13M14,CSABCASE_B_epp,G5SADs,G3PATAI17,CBPS,H2Otpp,NACt2rpp,DHAD1,EX_arabinogal(e),DMQMT,FE2abc,COBALT2tex,UDCPDPS,3OAR4M6,UGMDDS,EAR7M8x,TRDRr,3OAR6M8,VALTA,PGSA180
PRMICI,MET_Ltex,TDSK,biomass345,METAT,MOHMT,MN2tex,EX_pi(e),UDCPDP,3OAS4M3O6,GGTA,ASPKi,TECAGE,DHFR,3OAR11M12,USHD,EX_cu2(e),MG2abcpp,GAPD,DDPA
SPMDabcpp,Cuabcpp,CA2tex,EX_sheme(e),GLNS,EX_pi(e),3OAR60,PNTK,G5SDr,EX_cu2(e),MECDPDH2,MN2tex,RBFK,MTHFC,GLCTR3,CGLYt3_2_pp,FE2abcpp,ILETA,PLPS,3MOBS
3HAD15M16,UAG2EMA,PYDXtrpp,NAt3_1pp,XYLAN_DEGepp,HEPT4,HEPK2,MECDPS,UDCPDPS,EX_ribflv(e),EX_26dap_M(e),3OAR60,SHKK,EAR6M8x,Cuabcpp,EAR4M6x,PERD,MCOATA,ACGAMT,DAPDC
GLUOX,HEPT3,USHD,TDSK,Htex,3HAD11M12,HEPT2,EAR13M14,TECAGE,ACOAAGPATAI17,HYXNti,HEPK2,GLYC3Pabc,GHMT2r,METALAabcpp,TMPPP,DPCOAK,3OAS13M14,TRDRr,3HAD100
EDTXS1,ARGSL,EX_pydx(e),CA2tex,EAR140x,3HAD6M8,ADSS,OCBT,RBFK,DPCOAK,EX_cl(e),HEPT2,G5SADs,GLCTR2,SUCptspp,3HAD160,ACPS1,ACOATA,GLYCYSabc,DAPE
METFR,rtranscription,EX_zn2(e),PSSAAI17,3HAD40,CAt4ipp,3HAD60,UACMAMAT,SHKK,ADOCBLS,EX_succ(e),3HAD60,biomass525,GTHS,G3PATI17,EX_zn2(e),MOHMT,NACtex,EX_cu2(e),3OAR13M14
RIBFLVtex,TDPGDH,UMPK,EAR7M8x,UDCPDP,DHAD2,FE3tex,SHK3Dr,TMDS,ACPS1,UGMDDS,3HAD80,sink_PGPm1[c],AKGS,HEPT3,UMPK,EX_pi(e),3HAD15M16,EX_ribflv(e),UAGDP
S7PIr,GALK,GTPCII,USHD,UDCPDPS,GAMt2rpp,ADK10,FE3abc,CGLYabc,IHDUDPG,TECA2S180,3MOBS,EX_pydx(e),ACLS_a,FT,GCALDDr,SERATi,EDTXS1,DPCOAK,PGPPI17
PGSAI17,3OAS80,3OAR40,THRD,RBFK,SGAT,DM_dhptd(c),PGSA180,G3PD1,TECA1SAI17,ACHBPL,DAPDC,EX_alagln(e),DHQS,DHNPA,GTPCII,HEPT4,METFR,ACPS1,G5SDr
TDPDRRr,EX_mg2(e),RNTR3,EAR4M6x,SHKK,EAR180x,DHQTi,3HAD11M12,LYSt2r,FE3abc,ALAPGPL,3HAD100,NAPRT,PTPAT,rtranscription,3OAR40,ADSL2r,RIBFLVtex,ACODAr,PGSAI17
HEPK1,CDOSKT,PANTS,3HAD160,H2Stpp,ASAD,OCBT,CDPGLYCGPT,UTPATPT,3HAD11M12,DMATT,DAPE,EX_zn2(e),PYDXtex,TDPGDH,PSD180,DHAD2,S7PIr,MOHMT,TDPDRRr
3OAR12M14,LEUTA,A5PISO,EX_zn2(e),DB4PS,3OAR6M8,3HAD80,CBIAT,TECAAE,CDPGLYCGPT,CHRPL,SO4t2pp,UMPK,3HAD140,3OAS80,RNTR3,biomass536,PGPPI17,EX_pi(e),HEPK1
UAAGDS,EX_lys_L(e),GRTT,UMPK,TKT1,FRTT,DDPA,DDPA,G5SADs,3HAD6M8,GLUR,UAGDP,GALURt2r,CHORS,EX_mg2(e),PANTS,ILETA,THR_Ltex,FE3abc,UPP3S
ACOTA,DPR,EX_ca2(e),GTPCII,G5SADs,HEMEtipp,3MOBS,3MOBS,ILETA,DHAD2,UAG4E,ACHBPL,RNTR3,AGMHE,CDOSKT,A5PISO,MCOATA,sink_gthrd(c),CDPGLYCGPT,3OAR12M14
3HAD9M10,COBALT2tex,IMPC,3OAR40,TDSK,ILETA,DAPDC,3HAD6M8,ARABINOGALASEe,MNt2,EAR15M16,DMATT,GRTT,EX_cl(e),3HAD8M10,GRTT,PRAMPC,PGMT,ADSL2r,UAAGDS
EDTXS2,ASPKi,MECDPDH2,PSD180,H2Stex,MCOATA,3HAD100,EX_4abz(e),OMCDC,G3PCT,3HAD5M6,3OAR100,THMDt4,NMNAT,ADK2,ACOAAGPATI17,PRMICI,PGSAI17,DHAD2,3HAD9M10
RPE,NACt2rpp,EX_cl(e),PANTS,CA2tex,PRAMPC,DAPE,ACCOACL,UAAGDS,PAPA180,ASPCT,r2137pp,EX_ca2(e),UGMDDS,LEUTA,EX_ca2(e),QULNS,TDPDRRr,G3PCT,EDTXS2
KDOCT2,MN2tex,ACHBPL,A5PISO,USHD,3OAS13M14,SO4t2pp,DAPDC,CO2t,3OAR6M8,EX_ocdca(e),GLUR,METALAabc,3OAR11M12,ADCS,IMPC,ACOATA,G3PD1,ALAGLN1c,KDOCT2
UAGCVT_r,3OAR60,DMATT,GRTT,THRD,PRMICI,EX_nac(e),3OAS10M12,ACOTA,SHEMEabc,3OAS12M14,3OAS120,FE2abc,GLCTR3,RZ5PP,MECDPDH2,E4PD,HEPK1,ASAD,UAGCVT_r
CDPMEK,HEPK2,3OAR100,ACOAAGPATI17,EX_zn2(e),QULNS,SHSL4,3OAS3M4,ASPTA,FRTT,ENO,COBALTt5pp,MECDPDH2,FE2DH,METALA1c,PGPPI17,EDTXS1,3OAR12M14,TECAAE,CDPMEK
FACOAL180i,HEPT2,r2137pp,EX_ca2(e),UMPK,ACOATA,G5SDr,ADSL2r,UMPK,ADNCNT3tc,3HAD12M14,3OAS140,EX_cl(e),Cuabcpp,COBALT2tex,sink_gthrd(c),METFR,L2A6OD2s,ILETA,PSDAI17
PSDAI17,3HAD60,GLUR,IMPC,GTPCII,3HAD15M16,EAR80x,EAR14M16x,ANPRT,TECAAE,DASYNI17,GMHEPAT,EX_trp_L(e),SUCptspp,MN2tex,GMPS2,S7PIr,UAAGDS,PGMT,SUCOAS
SPMDtex,FE3tex,3OAS120,DMATT,3OAR40,SPMDabcpp,EX_trp_L(e),MTAN,ENO,ILETA,CLPNS180,IPPMIb,ALTRH,G3PATI17,3OAR60,PGMT,ACHBPL,3HAD9M10,PULLe,SO4tex
NNATr,PROt4rpp,COBALTt5pp,3OAR100,RNTR3,EDTXS1,GMPS2,DAPE,BPNT,MCOATA,OCDCAtr,ZN2tex,ACHBPL,HEPT3,3HAD10M12,PGSAI17,DMATT,EDTXS2,G3PD1,U23GAAT
SO4tex,DHQTi,RBFSb,r2137pp,PANTS,METFR,PGMT,EX_fe2(e),IPMDr,3OAS13M14,HBZOPT,3OAR80,ALAPGPL,rtranscription,3OAS11M12,TDPDRRr,HEPK1,3OAR160,UAAGDS,4HTHDS
HISTP,OCBT,3OAS140,GLUR,A5PISO,S7PIr,TDPDRRr,DHAD2,HSK,3HAD15M16,UAGPT3,UAGPT3,DMATT,TDPGDH,HEPK2,G3PD1,CA2abcpp,RPE,ACOTA,3HAD14M16
ASNS2,3HAD80,FBA,3OAS120,26DAP_Mtex,ADOCBIK2,HEPK1,UPPDC1,IPPMIa,SPMDabc,P5CRyr,P5CRyr,GLUR,r0391,3OAR7M8,HEPK1,UAAGDS,KDOCT2,UAGCVT_r,EAR11M12x
U23GAAT,DDPA,GMHEPAT,COBALTt5pp,GRTT,ACHBPL,CA2abcpp,PGM,dreplication,METFR,DXPRIr,DXPRIr,EX_co2(e),3OAS80,PSSAI17,3OAR12M14,ACOTA,UAGCVT_r,CDPMEK,PPBNGS
EX_ttdca(e),3MOBS,STYStex,RBFSb,EX_ca2(e),DMATT,UAAGDS,PRAIS,UAGPT3,4HBZCL,3HAD4M6,CLtex,UAG4E,EX_mg2(e),HEPT2,UAAGDS,EDTXS2,CDPMEK,Coabc,3HAD120
TTDCAt2pp,3HAD100,ZN2tex,3OAS140,IMPC,3OAR100,ACOTA,MNt2,DXPS,DHNAOT7,PSSA180,3OAS100,FBA,CDOSKT,ADSS,ACOTA,RPE,PSDAI17,NNATr,PPCDC
3HAD14M16,DAPE,3OAR80,GMHEPAT,MECDPDH2,r2137pp,EDTXS2,PRAI,P5CRyr,ACHBPL,biomass228,UAGAAT,IPPMIb,3HAD8M10,3HAD60,3HAD9M10,KDOCT2,NNATr,ACGK,dreplication
EAR11M12x,PRAI,UAGPT3,3HAD5M6,EX_26dap_M(e),PGMT,KDOCT2,3OAR9M10,GLYMETabc,ALAPGPL,PGSAAI17,SDPDS,TMDK1,ADK2,FE3tex,EDTXS2,UAGCVT_r,SO4tex,UGLT,DXPS
ACGK,SO4t2pp,P5CRyr,IPPMIb,EX_cl(e),PGSAI17,UAGCVT_r,EAR8M10,PPCr,DMATT,ADSL1r,RHAT1,UAGPT3,LEUTA,DHQTi,3OAR160,CDPMEK,EX_thr_L(e),EX_pullulan1200(e),FMNAT
PPCDC,EX_nac(e),DXPRIr,3OAS12M14,H2CO3D,TDPDRRr,CDPMEK,PSCVT,FMNAT,GLUR,DHFOR2,NMNtex,P5CRyr,RZ5PP,3HAD80,KDOCT2,PGCDr,U23GAAT,PPCDC,3OAR4M6
dreplication,SHSL4,GALU,ENO,UAPGR,G3PD1,NNATr,PGPP180,DXPRIr,UAG4E,OMPHHX3,LPADSS,DXPRIr,COBALT2tex,PGSA180,UAGCVT_r,NNATr,4HTHDS,dreplication,DHFR
DXPS,EAR80x,CLtex,3HAD12M14,VALTA,HEPK1,SO4tex,4ABZt2,GRTT,3HAD5M6,AIHPDCOATA,TDPDRE,GALU,MN2tex,DDPA,LMN30tex,SO4tex,3HAD14M16,DXPS,biomass353
URCN,EAR120x,IG3PS,DASYNI17,NP1_r,UPP3S,HISTP,AIRC4,DHFR,IPPMIb,AGPR,GLU5K,ESHCYS2_FPe,3OAR60,3MOBS,CDPMEK,HISTP,EAR11M12x,FMNAT,MTHFC
FMNAT,HEPT1,3OAS100,CLPNS180,GAPD,3OAR12M14,U23GAAT,G3PCT,EX_ca2(e),EX_ocdca(e),3OAS8M10,UHGADA,EX_pect(e),3HAD10M12,DAPDC,PSDAI17,U23GAAT,FOLabcpp,DHFR,ZNabcpp
3OAR4M6,PRATPP,UAGAAT,ZN2tex,MOAT3C,UAAGDS,ACGK,Cuabc,FE2abc,TYRTA,AMMQT8r,GMHEPK,TYRt2r,3OAS11M12,3HAD100,SPMDtex,ACGK,3HAD120,ADK3,THRS
DHFR,EX_pro_L(e),AGPR,EX_q8(e),RBFSa,ACOTA,3HAD120,PGK,ADK3,3OAS12M14,TRPt2r,PHETA1,MNabc,HETZK,DAPE,NNATr,3HAD120,PPCDC,PGPGT,EAR6M8x
ALAD_R,EAR60x,RHAT1,3OAR80,PItex,3HAD9M10,PPCDC,THDPS,DPCOAti,ENO,DASYN180,EAR100x,PSP_L,HEPK2,SO4t2pp,SO4tex,PPCDC,dreplication,THRS,GHMT2r
MTHFC,CBPS,LPADSS,PMPK,KDOPP,ALCD19,dreplication,TECAUE,MEPCT,3HAD12M14,GLU5K,EX_cobalt2(e),CHORM,3OAR7M8,3OAR13M14,HISTP,dreplication,DXPS,NACt2r,GLCTR2
ADK3,METAT,TDPDRE,UAGPT3,TRDRr,EDTXS2,SHSL1r,3OAR13M14,H2Ot,DASYNI17,OIVD1r,PPNDH,GLU5K,GLUCYS,EAR80x,LMNepp,DXPS,FMNAT,ACLS_a,ACLS_a
TRPt2rpp,GLNS,PSP_L,DXPRIr,EX_cu2(e),3OAR160,DXPS,IVCOATA,SDPDS,CLPNS180,GGTT,ALAR,RNTR2,PSSAI17,EDTXS1,U23GAAT,FMNAT,3OAR4M6,DHQS,DHQS
MNt2pp,Htex,CHORM,3HAD4M6,FE2abcpp,KDOCT2,FMNAT,CBPS,ARGSL,HBZOPT,HEXTT,pbiosynthesis,EX_Lcystin(e),HEPT2,METFR,3HAD14M16,XYLI1,XYLI1,ASP1DC,ASP1DC
THRS,EAR140x,GLU5K,PYDXNtex,NICRNS,UAGCVT_r,DHFR,METAT,H2CO3D,UAGPT3,OMMBLHX3,NMNPpp,PHETA1,ALAHIStex,S7PIr,EAR11M12x,DHFR,DHFR,PTPAT,PTPAT
EAR6M8x,3HAD40,UHGADA,PSSA180,DPCOAK,PULLepp,ZNabcpp,PAPPT3,rtranscription,P5CRyr,MALCOAPYRCT,GALT1,EX_cobalt2(e),3HAD60,ACHBPL,ACGK,ZNabcpp,MTHFC,AICART,3HAD140
GHMT2r,UDCPDP,GMHEPK,CLtex,ACPS1,CDPMEK,ADK3,PPA,GALK,DXPRIr,PHETA1,DHAD1,PPNDH,P1CM,DMATT,3HAD120,MNt2pp,MNt2pp,CHORS,CHORS
GLCTR2,UDCPDPS,RNTR2,IG3PS,H2Otpp,PSDAI17,TRPt2rpp,EX_nac(e),SO4t2,3HAD4M6,EX_cobalt2(e),PNTK,ALAR,FE3tex,3OAR100,PPCDC,ASPO6,EAR6M8x,OROTPT,OHPBAT
ACLS_a,RBFK,PHETA1,3OAS100,PDX5PO2,SPMDtex,MNt2pp,GF6PTA,CHORM,EX_dextrin(e),PPNDH,MOAT,pbiosynthesis,ADOCBIK,r2137pp,dreplication,THRS,GLCTR2,ARGSS,AGMHE
ADNK1,SHKK,DHPPDA,UAGAAT,MOHMT,NNATr,THRS,EAR11M12,UAPGR,OCDCAt2,ALAR,MECDPS,EX_mn2(e),HMBS,GLUR,DXPS,GHMT2r,ACLS_a,IPMDr,2MBCOATA
DHQS,DB4PS,EX_stys(e),PGSAAI17,EX_pi(e),SO4tex,GLCTR2,EAR5M6,GLU5K,PSSA180,3OAS7M8,EX_fe2(e),EDA_R,DM_dhptd(c),3OAS120,FMNAT,GLCTR2,DHQS,HSK,3OAS180
HSTPTr,NAt3_1pp,EAR100x,AIHPDCOATA,SERATi,HISTP,CYSTS,UAGDP,VALTA,26DAPt2r,pbiosynthesis,PAPPT3,PGAMT,OMBZLM,COBALTt5pp,3OAR4M6,ACLS_a,ASP1DC,IPPMIa,UAPGR
ASP1DC,TDSK,EX_cobalt2(e),AGPR,HEPT4,U23GAAT,ACLS_a,ALAALA,GAPD,PGSAAI17,EX_trp_L(e),GF6PTA,DTMPK,GLUTRR,RBFSb,DHFR,O2tex,PTPAT,EX_mn2(e),RHCCE
PTPAT,CA2tex,G5SDr,EAR15M16x,DHAD2,3HAD14M16,DHQS,EX_k(e),EX_alahis(e),DHFOR2,3OAR12M14,ALAALA,G1PACT,DHQTi,3OAS140,ZNabcpp,DHQS,3HAD140,DPRr,MOAT3C
PYDXtex,USHD,GMPS2,RHAT1,biomass536,EAR11M12x,HSTPTr,ASAD,PLPS,OMPHHX3,UAAGDS,EX_k(e),EX_biomass(e),3HAD80,FBA,MNt2pp,HSTPTr,CHORS,PGAMT,RBFSa
AICART,THRD,TDPDRRr,LPADSS,ILETA,ACGK,ASP1DC,IHPDCOATA,EX_mg2(e),AIHPDCOATA,ACOTA,CU2tex,FLVRxe,PGSA180,GMHEPAT,THRS,ASP1DC,RIBFLVt2rpp,PRFGS,KDOPP
CHORS,EX_zn2(e),HEPK1,TDPDRE,MCOATA,EX_pullulan1200(e),PTPAT,PGPPI17,ALAHIS1c,AGPR,3HAD9M10,3OAS60,UAMAGS,DDPA,3HAD5M6,EAR6M8x,PTPAT,EX_cl(e),DTMPK,TRDRr
ARGSS,UMPK,CA2abcpp,3OAS8M10,PRAMPC,PPBNGS,AICART,3OAR6M8,CA2abc,EAR15M16x,RPE,KAS14,MEPCT,3MOBS,IPPMIb,GLCTR2,ASP4DC,UGMDDS,G1PACT,MAN6Ptex
AGMHE,GTPCII,UAAGDS,CHORM,PRMICI,3HAD120,3HAD140,sink_gthrd(c),ALAHISabc,ALATA_D,UAGCVT_r,OMCDC,SO4t2,PNTOt4pp,3OAS12M14,ACLS_a,AICART,3OAR11M12,OMPDC,3OAS4M3O6
EX_trp_L(e),3OAR40,ACOTA,DASYN180,ACOATA,PPCDC,CHORS,CAt4i,r2137,3OAS8M10,CDPMEK,EX_so4(e),r2137,DAPDC,3HAD12M14,DHQS,3HAD140,GLCTR3,EX_biomass(e),EX_cu2(e)
PHEMEtex,RNTR3,EDTXS2,OIVD1r,EDTXS1,dreplication,ARGSS,UDCPDP,LEUTA,AMMQT8r,PSDAI17,MG2tex,DMPPS,3HAD100,DASYNI17,HSTPTr,CHORS,MET_Ltex,UAMAGS,PERD
CBIAT,PANTS,RPE,UHGADA,S7PIr,DXPS,AGMHE,G5SDr,EX_lys_L(e),CHORM,GAL6PI,G1PTT,PEPGLY,PTRCt2pp,CLPNS180,ASP1DC,OHPBAT,Cuabcpp,MEPCT,ACOAAGPATAI17
Q8abcpp,A5PISO,KDOCT2,GMHEPK,ACHBPL,FMNAT,ACHBPL,UDCPDPS,PEPGLY,DASYN180,AIHDUDPMG,KDOPSr,ACLS_b,PRAI,ZN2tex,PTPAT,ARGSS,3OAR180,SO4t2,DPCOAK
AMPTASECG,GRTT,UAGCVT_r,DHPPDA,DMATT,3OAR4M6,DMATT,TECAGE,ACGAMT,GLU5K,Coabc,SDPTA,UAMAS,EX_glyc3p(e),3OAR80,ASP4DC,AGMHE,G3PATI17,GLUPRT,ADOCBLS
FOLtpp,EX_ca2(e),CDPMEK,TMPK,3OAR100,DHFR,3OAR100,GMPS2,ACLS_b,DEXTRINASE,NNATr,FE2tex,TRPabc,DAPMDH,UAGPT3,AICART,H2CO3D,HEPT3,GARFTi,ACPS1
HEPT1,IMPC,PGCDr,STCOATA,r2137pp,MALTTRabcpp,r2137pp,PGMT,PHETA1,OIVD1r,3HAD14M16,EAR40x,RNTR1,3OAR13M14,P5CRyr,3HAD140,3OAR100,rtranscription,r2137,MAN6Pt6_2pp
PRATPP,MECDPDH2,NNATr,EAR100x,GLUR,MNt2pp,GLUR,CPPPGO2,TRDRr,GGTT,EAR11M12x,BPNT,PRPPS,CBIAT,DXPRIr,CHORS,r2137pp,TDPGDH,FTHFL,HEPT4
EX_cgly(e),EX_cl(e),SO4tex,EX_cobalt2(e),3OAS120,ASPO6,3OAS120,RBFK,EX_cu2(e),HEXTT,ACGK,IPMDr,EX_pnto_R(e),EAR120x,3HAD4M6,ARGSS,GLUR,3OAS80,PEPGLY,3HAD11M12
IVCOATA,UAPGR,HISTP,UAPGR,RBFSb,THRS,RBFSb,BTNCLi,ASPKi,OMMBLHX3,DHORDfum,HSK,PYDXtr,HEPT1,GALU,AGMHE,3OAS120,EX_mg2(e),EX_fum(e),3HAD6M8
GLNS,VALTA,U23GAAT,VALTA,3OAS140,EAR6M8x,3OAS140,SHEMEabc,UAMAS,MALCOAPYRCT,PYDXabc,IPPMIa,ALAGLNabc,EAR60x,2AHBUTI,IPDPUPT,COBALTt5pp,CDOSKT,ACLS_b,CAt4ipp
CYSDS,GAPD,ACGK,GAPD,GMHEPAT,GHMT2r,GMHEPAT,PGSAI17,CMPN,PHETA1,PPCDC,GMHEPPA,DHAD1,IVCOATA,PSSA180,2MBCOATA,RBFSb,3HAD8M10,UAMAS,DHAD2
EX_pheme(e),MOAT3C,3HAD120,MOAT3C,IPPMIb,GLCTR2,IPPMIb,SHKK,EX_cobalt2(e),EX_cobalt2(e),dreplication,3OAR140,PNTK,METAT,CLtex,3OAS180,3OAS140,ADK2,RNTR1,THDPS
Htex,RBFSa,PPCDC,RBFSa,ENO,ACLS_a,ZN2tex,THMabc,PRPPS,PPNDH,DXPS,3OAR120,MECDPS,GLNS,3OAS100,EAR80x,FBA,LEUTA,PRPPS,EAR180x
UDCPDP,PItex,dreplication,AMPMS2,EX_ncam(e),O2tex,3OAR80,FRTT,EX_ribflv(e),ALAR,FMNAT,EX_mn2(e),UACMAMAT,EAR140x,UAGAAT,H2CO3D,GMHEPAT,RZ5PP,PRAGS,ASAD
UDCPDPS,KDOPP,DXPS,PItex,ZN2tex,DHQS,UAGPT3,TMDS,PPNDH,3OAS7M8,3OAR4M6,PGAMT,SHK3Dr,3HAD40,PGSAAI17,UAPGR,IPPMIb,GLYCtex,EX_glycys(e),3OAR6M8
RBFK,GLCNACASE_OGLYCAN2epp,FMNAT,KDOPP,3OAR80,HSTPTr,P5CRyr,GTPCI,ALAR,EX_adn(e),DHFR,DTMPK,PYDXK,EX_sucr(e),ADSL1r,VALTA,ZN2tex,EX_lys_L(e),PRASCSi,MAN6PI
SHEMEtex,ACGAM2E,XYLI1,GLCNACASE_OGLYCAN2epp,UAGPT3,ASP1DC,DXPRIr,UTPATPT,DPCOAK,EX_cl(e),EAR10M12,G1PACT,EX_fe2(e),UDCPDP,AIHPDCOATA,GAPD,3OAR80,DPR,MLTG1,FRTT
biomass399,TRDRr,DHFR,TRDRr,NNAM,PTPAT,CLtex,EAR4M6,pbiosynthesis,DEXTRINabc,PGPGT,EX_biomass(e),PSCVT,UDCPDPS,AGPR,MOAT3C,UAGPT3,COBALT2tex,ALAGLNabc,ILETA
SHKK,EX_cu2(e),MNt2pp,3OAS4M3O6,P5CRyr,AICART,IG3PS,OPHHX3,ADK10,EX_succ(e),THRS,UAMAGS,Cuabc,RBFK,EAR15M16x,RBFSa,NNDPR,NACt2rpp,pbiosynthesis,MCOATA
EAR10M12x,FE2abcpp,THRS,EX_cu2(e),DXPRIr,3HAD140,3OAS100,TECAAE,ACPS1,GLYMET1c,EAR6M8x,MEPCT,Kt1r,SHKK,RHAT1,AMPMS2,DXPRIr,MN2tex,IGPS,3OAS13M14
DAPabcpp,EX_met_L(e),GHMT2r,FE2abcpp,GALU,CHORS,UAGAAT,HETT,EX_dpcoa(e),UGMDDS,GHMT2r,GLCTR1,PGK,EAR10M12x,LPADSS,PItex,GALU,3OAR60,DHAD1,ACOATA
G5SADs,DPCOAK,GLCTR2,ACOAAGPATAI17,PYDXNtex,OROTPT,ADSL1r,UPP3S,ACODAr,TECA2S180,NACt2r,EX_nmn(e),PAPPT3,ORNtex,TDPDRE,KDOPP,CLtex,3HAD10M12,PNTK,3HAD15M16
G3PATAI17,ACPS1,CYSTS,DPCOAK,CLtex,ARGSS,AGPR,3OAR12M14,IGPS,3OAR11M12,ACLS_a,PEPGLY,GF6PTA,GTPCI,3OAS8M10,TRDRr,IG3PS,PFK_3,MECDPS,E4PD
TRP_Ltex,ARABINOGALASEepp,ACLS_a,ADOCBLS,IG3PS,AGMHE,GALUi,3OAS9M10,DHQTi,G3PATI17,DHQS,Ktex,ALAALA,HETT,DASYN180,3OAS4M3O6,3OAS100,3OAS11M12,UACMAMAT,EDTXS1
FAS140ACPrev,H2Otpp,DHQS,ACPS1,3OAS100,IPDPUPT,RHAT1,G5SADs,TECA4S,ARGSL,PTPAT,ACLS_b,RPI,DB4PS,GLU5K,EX_cu2(e),UAGAAT,HEPK2,SHK3Dr,METFR
EX_sheme(e),PDX5PO2,HSTPTr,H2Otpp,UAGAAT,2MBCOATA,LPADSS,ILETA,,PAAI17P,CHORS,UAMAS,EX_k(e),G5SADs,OIVD1r,FE2abcpp,ADSL1r,3OAR7M8,EX_fe2(e),S7PIr
TDSK,MOHMT,ASP1DC,PDX5PO2,AGPR,3OAS180,TDPDRE,G3PATAI17,,rtranscription,OROTPT,PDX5PS,THRD_L,G3PATAI17,UHGADA,EX_met_L(e),AGPR,5MTHGLUS,PRAIS,G1SAT
CA2tex,EX_pi(e),PTPAT,MOHMT,RHAT1,H2CO3D,CHORM,MCOATA,,EX_mg2(e),ARGSS,EAR80x,UTPATPT,NAt3_1pp,GMHEPK,ACOAAGPATAI17,RHAT1,PSSAI17,PSCVT,ACHBPL
PSSAAI17,SERATi,PYDXtex,EX_pi(e),LPADSS,PHEMEtex,GLU5K,3OAS13M14,,3HAD8M10,TECA5SI17,,FBP,TDSK,RNTR2,DPCOAK,LPADSS,HEPT2,AIRC4,DMATT
EAR7M8x,HEPT4,AICART,SERATi,TDPDRE,CBIAT,UHGADA,OMCDC,,ADK2,GLYGLN1c,,26DAPLLAT,CA2tex,PHETA1,ADOCBLS,TDPDRE,3HAD60,Cuabc,3OAR100
USHD,DHAD2,3HAD140,HEPT4,CHORM,Q8abcpp,GMHEPK,UAAGDS,,LEUTA,2MBCOATA,,OMCDC,PSSAAI17,DHPPDA,ACPS1,PSP_L,FE3tex,Kt1r,CHRPL
FACOAL140,biomass536,CHORS,3HAD11M12,GLU5K,EAR120x,RNTR2,3HAD15M16,,RZ5PP,EX_thm(e),,IMPD,EAR7M8x,TMPK,H2Otpp,CHORM,ADK10,PAPPT3,r2137pp
EX_pydx(e),ASAD,ARGSS,3HAD6M8,UHGADA,HSPGtex,DHPPDA,biomass345,,EX_lys_L(e),DHORTS,,EX_so4(e),USHD,EAR100x,MOHMT,GLU5K,PROt4rpp,GF6PTA,GLUR
CGLYt3_2_pp,ACGAMtr2pp,AGMHE,CAt4ipp,GMHEPK,HEPT1,EAR100x,ACOTA,,EX_alathr(e),UAPGR,,EX_metala(e),EX_pydx(e),EX_cobalt2(e),EX_pi(e),UHGADA,DHQTi,ALAALA,3OAS120
EAR4M6x,ILETA,APRAUR,DHAD2,RNTR2,PRATPP,EX_cobalt2(e),EX_sheme(e),,TECA5SAI17,VALTA,,UAG2E,EAR4M6x,UAGDP,EX_lmn30(e),GMHEPK,3HAD80,EX_k(e),COBALTt5pp
EX_zn2(e),MCOATA,HSK,SGAT,PHETA1,EX_pro_L(e),ALAR,METFR,,TECA3S180,GAPD,,ZNabc,TMPPP,PGPPI17,HEPT4,RNTR2,PGSA180,TMDS,RBFSb
UMPK,PRAMPC,GMHEPPA,EAR180x,DHPPDA,EAR60x,pbiosynthesis,EX_cytd(e),,3HAD10M12,ACGAMT,,BPNT,EX_zn2(e),sink_gthrd(c),3HAD11M12,PHETA1,DDPA,UTPATPT,3OAS140
PSD180,PRMICI,TPI,ASAD,EAR100x,IVCOATA,GALT1,3HAD9M10,,3OAS11M12,TRDRr,,EX_fe3(e),PFL,G5SDr,3HAD6M8,DHPPDA,3MOBS,GALT,GMHEPAT
RNTR3,ACOATA,CYSTGL,3OAR6M8,EX_cobalt2(e),CBPS,DHAD1,UMPK,,3OAR7M8,DMQMT,,IPMDr,3OAR40,PGMT,CAt4ipp,EAR100x,3HAD100,26DAPLLAT,3HAD5M6
PANTS,NACtex,3OAR140,ACGAMtr2pp,APRAUR,METAT,PNTK,EX_ocdca(e),,PSSAI17,GLYCYSabc,,HSK,PSD180,PGSAI17,DHAD2,EX_cobalt2(e),sink_pheme(c),OMCDC,IPPMIb
A5PISO,EDTXS1,ALATA_L,HEMEtipp,HSK,EX_pheme(e),MOAT,PFL,,UDPGDr,3OAS4M3O6,,IPPMIa,A5PISO,TDPDRRr,GAMt2rpp,APRAUR,PRAI,IMPD,3OAS12M14
GTHOXtex,S7PIr,3OAR120,ILETA,IPPMIa,Htex,MECDPS,OPHBDC,,ADK10,EX_cu2(e),,PNTOabc,THMtex,G3PD1,GLYCLTt2rpp,HSK,EX_xylan(e),EX_so4(e),3HAD12M14
THMtex,ACHBPL,EX_mn2(e),MCOATA,GMHEPPA,EAR140x,SHK3Dr,3OAS12M14,,OMBZLM,EX_ribflv(e),,,GRTT,HEPK1,EAR180x,IPPMIa,SO4t2pp,UAG2E,DASYNI17
26DAP_Mtex,DMATT,PGAMT,PRAMPC,TPI,3HAD40,EX_fe2(e),ANPRT,,DHQTi,ACOAAGPATAI17,,,SHCHF,3OAR12M14,ASAD,GMHEPPA,DAPMDH,ZNabc,CLPNS180
GRTT,3OAR100,DTMPK,3OAS13M14,3OAR140,UDCPDP,PRAIS,FCLTc,,TECA4S,EX_glygln(e),,,ACOAAGPATI17,UAAGDS,GAMtex,TPI,TKT2,TALA,HBZOPT
ACOAAGPATI17,r2137pp,G1PACT,PRMICI,GLYAT,RBFK,PSCVT,ENO,,FRD3,DPCOAK,,,EX_ca2(e),ACOTA,3OAR6M8,3OAR140,3OAR13M14,ANPRT,ZN2tex
EX_ca2(e),GLUR,EX_biomass(e),ACOATA,Coabcpp,SHKK,AIRC4,3HAD12M14,,PGSA180,ADOCBLS,,,MECDPDH2,3HAD9M10,HEMEtipp,3OAR120,EX_nac(e),BPNT,3OAR80
TDCOATA,PMDPHT,UAMAGS,NACtex,EX_pydxn(e),EAR10M12x,PGK,DASYNI17,,DDPA,ACPS1,,,DMATT,HEX7,ILETA,EX_mn2(e),UAGDP,EX_fe3(e),UAGPT3
IMPC,ATPPRT,MEPCT,SPMDabcpp,3OAR120,GTPCI,HSST,CLPNS180,,3MOBS,IHDUDPG,,,3OAR100,EDTXS2,MCOATA,FERO,DMATT,,P5CRyr
MECDPDH2,IPMDr,GLCTR1,3HAD15M16,EX_mn2(e),HETT,PAPPT3,SPMS,,EX_glymet(e),FRD7,,,r2137pp,KDOCT2,PRAMPC,PGAMT,3OAR100,,DXPRIr
EX_26dap_M(e),APRAUR,IGPDH,EDTXS1,NCAMtex,DB4PS,ALAALA,BPNT,,PRAI,TECA1SAI17,,,GLUR,UAGCVT_r,3OAS13M14,PRFGS,r2137pp,,3HAD4M6
RIBFLVt2rpp,HSK,PEPGLY,METFR,PGAMT,G3PATAI17,EX_k(e),OCDCAtr,,EX_glyc3p(e),EX_pi(e),,,3OAS120,CDPMEK,PRMICI,DTMPK,GLUR,,PPPGO3
EX_adn(e),IPPMIa,Ktex,S7PIr,DTMPK,biomass345,TMDS,HBZOPT,,3OAR13M14,FE3abc,,,TMN,PFK,ACOATA,G1PACT,3OAS120,,PSSA180
ACHBPL,GMHEPPA,UAMAS,ACHBPL,G1PACT,NAt3_1pp,CU2tex,AKP1,,UAGDP,3HAD11M12,,,COBALTt5pp,PSDAI17,SPMDabcpp,EX_biomass(e),3OAS140,,CLtex
DMATT,TPI,RNTR1,GMPS2,XYLANtex,TDSK,3OAS60,EX_fe3(e),,PGPPI17,CDPGLYCGPT,,,RBFSb,NNATr,3HAD15M16,UAMAGS,GMHEPAT,,3OAS100
r2137pp,3OAR140,PRPPS,PGSAI17,EX_biomass(e),CA2tex,UTPATPT,PPBNGS,,CAt4i,3HAD6M8,,,3OAS140,SO4tex,EDTXS1,MEPCT,3HAD5M6,,UAGAAT
GLUR,GLYAT,LYS_Ltex,TDPDRRr,UAMAGS,PSSAAI17,KAS14,TMDPK,,G5SDr,DHAD2,,,GMHEPAT,U23GAAT,METFR,GLUPRT,IPPMIb,,PGSAAI17
COBALTt5pp,EX_pydxn(e),AHCYSNS_r,G3PD1,MEPCT,EAR7M8x,26DAPLLAT,PSD180,,PGMT,MNt2,,,3HAD5M6,4HTHDS,S7PIr,GLCTR1,3OAS12M14,,AIHPDCOATA
3OAS140,METt2rpp,EAR80x,HEPK1,GLCTR1,USHD,OMCDC,IPMDr,,ALATHR1c,LACpts,,,IPPMIb,3HAD14M16,ACHBPL,IGPDH,ENO,,EAR15M16x
FBA,3OAR120,PPNDH,3OAR12M14,ACCOAC,THRD,G6PDA,RNTR3,,PGSAI17,G3PCT,,,3OAS12M14,EAR11M12x,DMATT,PEPGLY,3HAD12M14,,SDPDS
GMHEPAT,EX_mn2(e),ALAR,UAAGDS,IGPDH,EAR4M6x,IMPD,PPCDC,,GLYMETabc,ASAD,,,ENO,ACGK,3OAR100,Ktex,THRt2rpp,,RHAT1
3HAD5M6,AHSERL3,pbiosynthesis,AMYLOPECT900tex,PEPGLY,3HAD160,FE3abcpp,HSK,,EX_spmd(e),PAPA180,,,3HAD12M14,3HAD120,r2137pp,ACLS_b,DASYNI17,,LPADSS
IPPMIb,DTMPK,EX_xyl_D(e),ACOTA,Ktex,EX_zn2(e),EX_so4(e),IPPMIa,,EAR9M10x,3OAR6M8,,,DASYNI17,PPCDC,GLUR,O2tpp,CLPNS180,,TDPDRE
EX_ocdca(e),EX_biomass(e),STYSabcpp,3HAD9M10,ACLS_b,UMPK,MG2tex,dreplication,,FOLt,SHEMEabc,,,CLPNS180,dreplication,3OAS120,UAMAS,EX_gln_L(e),,3OAS8M10
STYStex,UAMAGS,GALT1,EDTXS2,UAMAS,GTPCII,G1PTT,UAGPT3,,HEMEti,THMabc,,,HBZOPT,DXPS,EX_co2(e),RNTR1,ZN2tex,,DASYN180
3OAS12M14,MEPCT,PNTK,3OAR160,RNTR1,3OAR40,KDOPSr,DXPS,,EX_mn2(e),FRTT,,,ZN2tex,FMNAT,COBALTt5pp,PRPPS,3OAR80,,GLU5K
3HAD12M14,GALabcpp,MOAT,RPE,PRPPS,PSD180,FE2tex,P5CRyr,,DHNAOT4,EAR14M16,,,3OAR80,3OAR4M6,RBFSb,PDX5PS,PMPK,,OIVD1r
DASYNI17,PRO_Ltex,MECDPS,KDOCT2,EX_h(e),RNTR3,EAR40x,CYSTGL,,PGAMT,EAR7M8,,,PMPK,MTHFC,3OAS140,PRAGS,UAGPT3,,UHGADA
CLPNS180,GLCTR1,SHK3Dr,UAGCVT_r,EX_h2s(e),PANTS,BPNT,FMNAT,,DTMPK,EAR4M6,,,UAGPT3,ZNabcpp,GMHEPAT,EX_h(e),DXPRIr,,UPP3MT3
ZN2tex,IGPDH,PYDXK,CDPMEK,LYS_Ltex,A5PISO,EX_fe3(e),DXPRIr,,3OAR10M12,TECAAE,,,P5CRyr,MNt2pp,3HAD5M6,METS,3HAD4M6,,GMHEPK
EX_q8(e),PEPGLY,EX_fe2(e),PSDAI17,EAR80x,GRTT,PMDPHT,GRTT,,TECA1SI17,ILETA,,,DXPRIr,THRS,IPPMIb,PRASCSi,GALU,,GGTT
UAGPT3,Ktex,PSCVT,SUCOAS,PPNDH,SHCHF,ATPPRT,ACOAAGPATI17,,G1PACT,MCOATA,,,3HAD4M6,EAR6M8x,3OAS12M14,EX_h2s(e),PSSA180,,HEXTT
EX_gthox(e),ACLS_b,PGK,SPMDtex,ALAR,ACOAAGPATI17,IPMDr,3HAD4M6,,EX_biomass(e),3OAS13M14,,,GALU,GLCTR2,ENO,LYS_Ltex,CLtex,,PHETA1
P5CRyr,UAMAS,PAPPT3,NNATr,pbiosynthesis,EX_ca2(e),APRAUR,3OAR4M6,,CLPNSAI17,3HAD15M16,,,PSSA180,ACLS_a,3HAD12M14,CYTK1,3OAS100,,TMPK
PPCr,RNTR1,GF6PTA,SO4tex,GALT1,IMPC,HSK,PPPGO3,,ACBIPGT,SPMDabc,,,CLtex,DHQS,DASYNI17,EAR80x,UAGAAT,,EAR100x
DXPRIr,PRPPS,ALAALA,HISTP,DHAD1,AGMD,IPPMIa,DHFR,,UAMAGS,METFR,,,3OAS100,PTPAT,CLPNS180,PPNDH,PGSAAI17,,EX_cobalt2(e)
3HAD4M6,EX_h(e),RPI,EX_gncore2(e),PNTK,MECDPDH2,GMHEPPA,PSSA180,,3OAR5M6,EX_spmd(e),,,UAGAAT,AICART,ZN2tex,ALAR,DHFOR2,,PPNDH
GALU,CSPG_AB_RESTtex,EX_k(e),U23GAAT,MOAT,GLUR,TPI,AMYLe,,MEPCT,EAR9M10x,,,PGSAAI17,APRAUR,EX_q8(e),pbiosynthesis,AIHPDCOATA,,ALAR
PSSA180,LYS_Ltex,XYLK,3HAD14M16,CYSS,3OAS120,3OAR140,EX_ca2(e),,EAR12M14x,FOLt,,,OMPHHX3,HSK,3OAR80,EX_xyl_D(e),MQN8tex,,3OAS7M8
CLtex,PPNDH,STYSGH,EAR11M12x,MECDPS,COBALTt5pp,Coabcpp,EAR9M10x,,3OAR8M10,HEMEti,,,GLYC3Ptex,IPPMIa,PMPK,IGPS,EAR15M16x,,pbiosynthesis
IG3PS,ALAR,TMDS,ACGK,SHK3Dr,RBFSb,3OAR120,IMPC,,NNDMBRT,EX_mn2(e),,,AIHPDCOATA,GMHEPPA,UAGPT3,GALT1,RHAT1,,3OAR15M16
UAGAAT,CYSS3r,CU2tex,3HAD120,EX_fe2(e),3OAS140,EX_mn2(e),METALAabc,,EAR8M10x,PGAMT,,,EAR15M16x,TPI,DXPRIr,DHAD1,LPADSS,,EAR5M6x
RAFGH,pbiosynthesis,THRD_L,PPCDC,PGM,GMHEPAT,PRFGS,EAR10M12,,SO4t2,DTMPK,,,RHAT1,3OAR140,3HAD4M6,PNTK,TDPDRE,,PPTT
PGSAAI17,IGPS,3OAS60,dreplication,PYDXNtrpp,3HAD5M6,DTMPK,FE2abc,,OHPHM,3OAR10M12,,,LPADSS,EAR9M10x,PSSA180,MOAT,3OAS8M10,,GALT1
GTHOXti3pp,GALT1,KAS14,DXPS,PSCVT,ASPCT,EX_biomass(e),ADK3,,3HAD13M14,TECA1SI17,,,TDPDRE,3OAR120,CLtex,MECDPS,AMMQT8r,,DHAD1
DHFOR2,DHAD1,26DAPLLAT,FMNAT,4HTHDR,IPPMIb,UAMAGS,2MBCOATA,,r2137,G1PACT,,,3OAS8M10,EX_mn2(e),IG3PS,SHK3Dr,CHORM,,PNTK
GLYC3Ptex,PNTK,FE3abcpp,3OAR4M6,PGK,3OAS12M14,MEPCT,SDPDS,,PEPGLY,EX_glyasn(e),,,DASYN180,DUTPDP,3OAS100,EX_fe2(e),DASYN180,,MOAT
AIHPDCOATA,MOAT,EX_so4(e),DHFR,PAPPT3,ENO,GLUPRT,EX_thm(e),,PSDI17,OMPDC,,,GLU5K,PGAMT,UAGAAT,PRAIS,OIVD1r,,MECDPS
AGPR,MECDPS,MG2tex,MALTTRabcpp,GF6PTA,3HAD12M14,GLCTR1,EAR12M14x,,ACLS_b,EX_hxan(e),,,PTRCORNt7pp,PRFGS,PGSAAI17,PSCVT,UHGADA,,SHK3Dr
MQN8tex,SHK3Dr,LYSt3rpp,MNt2pp,ALAALA,DASYNI17,IGPDH,ARGSL,,UAMAS,EX_biomass(e),,,EX_alahis(e),DTMPK,AIHPDCOATA,AIRC4,GMHEPK,,3OAS10M12
EAR15M16x,EX_fe2(e),G1PTT,THRS,RPI,CLPNS180,PEPGLY,H2CO3D,,3OAS5M6,CLPNSAI17,,,OIVD1r,3OAR10M12,AGPR,PGK,G3PAT180,,3HAD180
RHAT1,PGM,KDOPSr,EAR6M8x,EX_k(e),ZN2tex,Ktex,3OAR8M10,,3HAD7M8,ZN2t4,,,UHGADA,G1PACT,GALUi,HSST,TMPK,,3OAS3M4
LPADSS,PYDXNtrpp,FE2tex,GHMT2r,XYLK,EX_q8(e),ACLS_b,3OAS8M10,,AMMQT7rev,ACBIPGT,,,UPP3MT3,EX_biomass(e),EAR15M16x,PAPPT3,EAR100x,,EAR14M16x
TDPDRE,PSCVT,EAR40x,GLCTR2,TMDS,3OAR80,UAMAS,rtranscription,,PRPPS,UAMAGS,,,GMHEPK,CLPNSAI17,RHAT1,GF6PTA,EX_fe3(e),,3OAR9M10
3OAS8M10,PGK,BPNT,ACLS_a,CU2tex,PMPK,RNTR1,CYTDt2r,,EX_pnto_R(e),3OAR5M6,,,THMabcpp,ACBIPGT,LPADSS,ALAALA,IPMDr,,PSCVT
AMMQT8r,HSST,EX_fe3(e),DHQS,THRD_L,HEPARL1_epp,PRPPS,NNDMBRT,,TECA1S180,MEPCT,,,GGTT,UAMAGS,TDPDRE,RPI,IPPMIa,,4HTHDR
CHORM,PAPPT3,PMDPHT,HSTPTr,3OAS60,UAGPT3,PRAGS,SO4t2,,3OAS4M6,EAR12M14x,,,HEXTT,3OAR5M6,3OAS8M10,EX_k(e),EAR160x,,PGPP180
DASYN180,ALAALA,ATPPRT,ASP1DC,KAS14,NNDPR,EX_h(e),AMMQT8r,,TECA3SAI17,3OAR8M10,,,OMMBLHX3,MEPCT,PYK,XYLK,GMHEPPA,,PAPPT3
GLU5K,EX_k(e),,PTPAT,OMCDC,DXPRIr,PRASCSi,GART,,3OAR14M16,NNDMBRT,,,PHETA1,EAR12M14x,CHORM,TMDS,TPI,,GF6PTA
AHC,EX_arabinogal(e),,AICART,PYDXNK,3HAD4M6,AHCYSNS_r,EAR6M8,,pbiosynthesis,EAR8M10x,,,TMPK,3OAR8M10,DASYN180,CU2tex,3OAR140,,ALAALA
OIVD1r,TMDS,,3HAD140,FE3abcpp,GALU,,DHORTS,,EX_mqn7(e),SO4t2,,,EAR100x,ADCL,OIVD1r,THRD_L,Coabcpp,,MTHFD
UHGADA,CU2tex,,CHORS,EX_so4(e),PYDXNtex,,OHPHM,,3OAR15M16,OHPHM,,,EX_cobalt2(e),NNDMBRT,UHGADA,3OAS60,METt2rpp,,EX_k(e)
GMHEPK,3OAS60,,ARGSS,MG2tex,PSSA180,,CHORM,,EAR5M6x,PFK_2,,,PPNDH,EAR8M10x,CO2tex,KAS14,ALATA_L,,IHPDCOATA
THMabcpp,KAS14,,AGMHE,NCAMt2rpp,CLtex,,UAPGR,,IGPS,3HAD13M14,,,ALAR,GLUPRT,GMHEPK,OMCDC,EAR9M10x,,TMDS
SUCR,26DAPLLAT,,GLYK,LYSt3rpp,UPP3MT,,DASYN180,,PPTT,r2137,,,3OAS7M8,DM_GCALD,RNTR2,EX_so4(e),3OAR120,,EAR13M14x
MALCOAPYRCT,OMCDC,,IPDPUPT,G1PTT,IG3PS,,GLUPRT,,EX_fol(e),EX_mqn8(e),,,pbiosynthesis,GLCTR1,GLYCLTtex,MG2tex,GLNt2rpp,,CU2tex
PHETA1,PYDXNK,,2MBCOATA,KDOPSr,3OAS100,,GLU5K,,DHAD1,PNTOt4,,,3OAR15M16,GARFTi,G3PAT180,LYSt3rpp,EX_mn2(e),,3OAS60
EX_stys(e),FE3abcpp,,3OAS180,FE2tex,UAGAAT,,PIabc,,PNTK,PEPGLY,,,EAR5M6x,3HAD13M14,DHPPDA,G1PTT,PGAMT,,KAS14
TMPK,UDPG4E,,EX_amylopect900(e),EAR40x,PGSAAI17,,GAPD,,MECDPS,PSDI17,,,IGPS,PEPGLY,TMPK,KDOPSr,PRFGS,,3OAS9M10
EX_fe3(e),MG2tex,,H2CO3D,BPNT,AIHPDCOATA,,RHCCE,,TECA2SI17,ACLS_b,,,PPTT,Ktex,EAR100x,FE2tex,DTMPK,,OMCDC
ATPPRT,LYSt3rpp,,ALAR,EX_fe3(e),AGPR,,EX_alahis(e),,UACMAMAT,ORNDC,,,GALT1,PSDI17,EX_cobalt2(e),ANPRT,3OAR10M12,,DASYNAI17
IPMDr,G1PTT,,3OAS7M8,PMDPHT,EAR15M16x,,DM_GCALD,,SHK3Dr,UAMAS,,,EX_arg_L(e),ACLS_b,ALAR,EAR40x,G1PACT,,EX_so4(e)
HSK,KDOPSr,,pbiosynthesis,ATPPRT,MALT,,PLPS,,PYDXK,3OAS5M6,,,DHAD1,ORNDC,3OAS7M8,BPNT,XYLANtex,,MG2tex
IPPMIa,FE2tex,,3OAR15M16,IPMDr,RHAT1,,EX_mg2(e),,3OAS10M12,3HAD7M8,,,PNTK,UAMAS,pbiosynthesis,PMDPHT,EX_biomass(e),,G1PTT
GMHEPPA,ANPRT,,EAR5M6x,,LPADSS,,OIVD1r,,3OAS3M4,MK8t,,,MOAT,3OAS5M6,3OAR15M16,ATPPRT,CLPNSAI17,,GLUTRS
CITRH,EAR40x,,GALT1,,TDPDRE,,ALAHIS1c,,EAR14M16x,PRPPS,,,MECDPS,3HAD7M8,EAR5M6x,IPMDr,ACBIPGT,,KDOPSr
3OAR140,GNCORE2tex,,DHAD1,,3OAS8M10,,3HAD13M14,,EX_fe2(e),EX_pnto_R(e),,,SHK3Dr,RNTR1,IGPS,,MK8tpp,,OIVD3
EX_spmd(e),BPNT,,PNTK,,AMMQT8r,,3HAD8M10,,PGM,TECA1S180,,,PYDXK,PRPPS,GALT1,,UAMAGS,,SDPTA
EAR9M10x,EX_fe3(e),,MOAT,,CHORM,,ALAHISabc,,3OAR9M10,3OAS4M6,,,ACCOACL,PRAGS,DHAD1,,3OAR5M6,,CLPNSI17
EX_mn2(e),,,MECDPS,,DASYN180,,RNTR2,,PSCVT,EX_glycys(e),,,3OAS10M12,EX_pnto_R(e),PNTK,,MEPCT,,PGPPAI17
DPRr,,,SHK3Dr,,AHC,,r2137,,PGPP180,TECA3SAI17,,,3OAS3M4,DHFS,MOAT,,EAR12M14x,,3OAS6M8
AHSERL3,,,3OAS10M12,,OIVD1r,,EX_mqn8(e),,Cuabc,3OAR14M16,,,EAR14M16x,METALAtex,MECDPS,,3OAR8M10,,OPHBDC
PGAMT,,,3HAD180,,UHGADA,,LEUTA,,Kt1r,3OAR15M16,,,PGM,3OAS4M6,SHK3Dr,,NNDMBRT,,FCLTc
DTMPK,,,3OAS3M4,,GMHEPK,,RZ5PP,,PAPPT3,PPTT,,,3OAR9M10,PRASCSi,3OAS10M12,,EAR8M10x,,EAR40x
3OAR10M12,,,EAR14M16x,,RNTR2,,GGTT,,GF6PTA,EX_fol(e),,,PSCVT,3OAR14M16,3HAD180,,ILEt2rpp,,BPNT
G1PACT,,,EX_fe2(e),,GGTT,,HEXTT,,ALATHRabc,DHAD1,,,4HTHDR,PPNDH,3OAS3M4,,GLUPRT,,EX_fe3(e)
EX_biomass(e),,,PGM,,HEXTT,,PEPGLY,,ALAALA,PNTK,,,PGPP180,ALAR,EAR14M16x,,PRO_Ltex,,PMDPHT
CLPNSAI17,,,PRAIS,,PHETA1,,OMMBLHX3,,EX_k(e),MECDPS,,,PGK,3OAS7M8,EX_fe2(e),,biomass328,,IPMDr
ACBIPGT,,,3OAR9M10,,DHPPDA,,METALA1c,,IHPDCOATA,TECA2SI17,,,PAPPT3,pbiosynthesis,PGM,,GLCTR1,,APRAUR
MK8tpp,,,PYDXNtrpp,,TMPK,,RNTR4,,TMDS,GLYASNabc,,,GF6PTA,3OAR15M16,PRAIS,,3HAD13M14,,HSK
UAMAGS,,,PSCVT,,STCOATA,,PSDI17,,CGLYabc,UACMAMAT,,,ALAALA,EAR5M6x,3OAR9M10,,EX_mqn8(e),,IPPMIa
3OAR5M6,,,PGPP180,,EAR100x,,ACGAMT,,EAR13M14x,SHK3Dr,,,MTHFD,GALT1,PSCVT,,PEPGLY,,GMHEPPA
MEPCT,,,Q8tex,,EX_cobalt2(e),,ACLS_b,,THRD_L,PYDXK,,,EX_k(e),DHAD1,PGPP180,,Ktex,,3OAR140
EAR12M14x,,,PGK,,PPNDH,,PHETA1,,OPHHX3,3OAS10M12,,,IHPDCOATA,PNTK,Q8tex,,PSDI17,,EAR9M10x
3OAR8M10,,,HSST,,ALAR,,G3PAT180,,3OAS9M10,3OAS3M4,,,TMDS,MOAT,PGK,,ACLS_b,,3OAR120
NNDMBRT,,,3OAS160,,3OAS7M8,,TRDRr,,SUDPDGT,EX_fe2(e),,,EAR13M14x,MECDPS,CGLYtex,,sink_sheme(c),,EX_mn2(e)
EAR8M10x,,,PAPPT3,,pbiosynthesis,,DMQMT,,SUDPMGT,PGM,,,CU2tex,SHK3Dr,3OAS160,,EX_glyc(e),,PGAMT
TMK,,,ALAALA,,3OAR15M16,,3OAS4M3O6,,OMCDC,3OAR9M10,,,3OAS60,ACCOACL,PAPPT3,,UAMAS,,SHCHD2
OCDCAt2pp,,,EX_k(e),,EAR5M6x,,EX_cu2(e),,DASYNAI17,PSCVT,,,OPHHX3,3OAS10M12,ALAALA,,3OAS5M6,,DTMPK
SHEMEabcpp,,,IHPDCOATA,,IGPS,,ASPKi,,biomass201,PGPP180,,,KAS14,3OAS3M4,EX_k(e),,3HAD7M8,,3OAR10M12
GLCTR1,,,TMDS,,PPTT,,ORNDC,,EX_so4(e),Cuabc,,,SUCRtex,EX_fe2(e),IHPDCOATA,,PRPPS,,G1PACT
3HAD13M14,,,EAR13M14x,,GALT1,,UAMAS,,TECA3SI17,PGK,,,3OAS9M10,PRAIS,TMDS,,PRAGS,,EX_biomass(e)
EX_mqn8(e),,,CU2tex,,DHAD1,,3OAS5M6,,OIVD3,TGBPA,,,OMCDC,3OAR9M10,EAR13M14x,,EX_h(e),,CLPNSAI17
IGPDH,,,3OAS60,,PNTK,,3HAD7M8,,UAG2E,PAPPT3,,,IMPD,PSCVT,CU2tex,,3OAS4M6,,ACBIPGT
PEPGLY,,,GALT,,MOAT,,EX_amylose300(e),,ZNabc,GF6PTA,,,DASYNAI17,4HTHDR,THRD_L,,FOLtex,,UAMAGS
Ktex,,,KAS14,,MECDPS,,STCOATA,,CLPNSI17,ALAALA,,,FE3abcpp,PGPP180,3OAS60,,LYS_Ltex,,3OAR5M6
PSDI17,,,3OAS9M10,,SHK3Dr,,NACabc,,PGPPAI17,RPI,,,PNTO_Rtex,AIRC4,KAS14,,3OAR14M16,,MEPCT
ACLS_b,,,26DAPLLAT,,3OAS10M12,,RNTR1,,3OAS6M8,EX_k(e),,,FFSD,PGK,3OAS9M10,,EAR80x,,EAR12M14x
ORNDC,,,OMCDC,,3HAD180,,3HAD10M12,,OPHBDC,IHPDCOATA,,,EX_so4(e),PAPPT3,26DAPLLAT,,EX_cobalt2(e),,3OAR8M10
UAMAS,,,PYDXNK,,3OAS3M4,,MK8t,,ANPRT,TMDS,,,MG2tex,GF6PTA,OMCDC,,ALAR,,ADCL
3OAS5M6,,,DASYNAI17,,EAR14M16x,,PRPPS,,BPNT,CGLYabc,,,PYDXabcpp,ALAALA,IMPD,,3OAS7M8,,NNDMBRT
3HAD7M8,,,FE3abcpp,,EX_fe2(e),,3OAS11M12,,EX_fe3(e),EAR13M14x,,,G1PTT,MTHFD,DASYNAI17,,pbiosynthesis,,EAR8M10x
PRPPS,,,EX_so4(e),,SEPHCHS,,EX_pnto_R(e),,TECA5S180,THRD_L,,,GLUTRS,RPI,EX_so4(e),,3OAR15M16,,OHPHM
EX_h(e),,,MG2tex,,PGM,,DHFS,,TMDPK,OPHHX3,,,KDOPSr,EX_k(e),MG2tex,,EAR5M6x,,GLCTR1
METS,,,LYSt3rpp,,PRAIS,,EX_cobalt2(e),,IPMDr,3OAS9M10,,,GLYC3Ptpp,IHPDCOATA,HEX10,,IGPS,,3HAD13M14
3OAS4M6,,,G1PTT,,3OAR9M10,,PRAGS,,IPPMIa,SUDPDGT,,,OIVD3,TMDS,LYSt3rpp,,EX_fol(e),,PEPGLY
FOLtex,,,KDOPSr,,PYDXNtrpp,,3OAR7M8,,LYSabc,SUDPMGT,,,CLPNSI17,EAR13M14x,G1PTT,,GALT1,,Ktex
3OAR14M16,,,OIVD3,,PSCVT,,PSSAI17,,,DASYNAI17,,,PGPPAI17,CU2tex,KDOPSr,,DHAD1,,PSDI17
EX_cobalt2(e),,,CLPNSI17,,PGPP180,,ADSS,,,EX_so4(e),,,3OAS6M8,3OAS60,OIVD3,,PNTK,,ACLS_b
OCDCAtex,,,PGPPAI17,,Q8tex,,3OAS4M6,,,TECA3SI17,,,OPHBDC,KAS14,CLPNSI17,,MOAT,,UAMAS
PPNDH,,,FE2tex,,PGK,,ACOAAGPATAI17,,,EX_metala(e),,,ANPRT,SUCRtex,PGPPAI17,,MECDPS,,3OAS5M6
ALAR,,,3OAS6M8,,3OAS160,,EX_ribflv(e),,,OIVD3,,,EAR40x,3OAS9M10,FE2tex,,SHK3Dr,,3HAD7M8
CYSS3r,,,TALA,,PAPPT3,,PPNDH,,,UAG2E,,,SPMS,26DAPLLAT,3OAS6M8,,3OAS10M12,,PRPPS
3OAS7M8,,,EAR40x,,ALAALA,,ALAR,,,CLPNSI17,,,BPNT,OMCDC,ANPRT,,3HAD180,,DHFS
pbiosynthesis,,,GNCORE2tex,,EX_k(e),,3OAS7M8,,,PGPPAI17,,,EX_fe3(e),DASYNAI17,EAR40x,,3OAS3M4,,3OAS4M6
3OAR15M16,,,BPNT,,IHPDCOATA,,DPCOAK,,,3OAS6M8,,,PMDPHT,FE3abcpp,BPNT,,EAR14M16x,,3OAR14M16
EAR5M6x,,,AMYLOPECTepp,,TMDS,,ADOCBLS,,,OPHBDC,,,IPMDr,PNTO_Rtex,PMDPHT,,EX_fe2(e),,AHCYSNS_r
ADNtex,,,EX_fe3(e),,EAR13M14x,,PRASCSi,,,BPNT,,,APRAUR,FFSD,ATPPRT,,PGM,,EAR80x
STYSabcpp,,,PMDPHT,,CU2tex,,pbiosynthesis,,,EX_fe3(e),,,DNTPPA,EX_so4(e),IPMDr,,PRAIS,,
EX_fol(e),,,ATPPRT,,3OAS60,,ADK10,,,TECA5S180,,,IPPMIa,MG2tex,APRAUR,,3OAR9M10,,
GALT1,,,IPMDr,,THRD_L,,3OAR14M16,,,TMDPK,,,GMHEPPA,EX_metala(e),HSK,,PSCVT,,
DHAD1,,,APRAUR,,KAS14,,AHCYSNS_r,,,EX_lcts(e),,,TPI,G1PTT,IPPMIa,,4HTHDR,,
PNTK,,,HSK,,3OAS9M10,,ACPS1,,,HSK,,,3OAR140,KDOPSr,EAR160x,,PGPP180,,
MOAT,,,IPPMIa,,26DAPLLAT,,ADMDCr,,,,,,EAR9M10x,OIVD3,GMHEPPA,,PGK,,
CYSS,,,EAR160x,,OMCDC,,3OAR15M16,,,,,,3OAR120,CLPNSI17,TPI,,CGLYtex,,
MECDPS,,,GMHEPPA,,G6PDA,,ACODAr,,,,,,EX_mn2(e),PGPPAI17,3OAR140,,3OAS160,,
SHK3Dr,,,TPI,,ICHORS,,HMBS,,,,,,DM_5MTR,FE2tex,EX_spmd(e),,PAPPT3,,
GTHRD,,,3OAR140,,PYDXNK,,IGPS,,,,,,PGAMT,3OAS6M8,EAR9M10x,,GF6PTA,,
HISD,,,GLYAT,,DASYNAI17,,PPTT,,,,,,SHCHD2,EAR40x,3OAR120,,ALAALA,,
PYDXK,,,EX_pydxn(e),,EX_so4(e),,DM_dhptd(c),,,,,,DTMPK,BPNT,CO2tpp,,MTHFD,,
BVUtex,,,EX_spmd(e),,MG2tex,,OMBZLM,,,,,,3OAR10M12,EX_fe3(e),EX_mn2(e),,RPI,,
3OAS10M12,,,EAR9M10x,,HEX10,,GLUTRR,,,,,,G1PACT,PMDPHT,EX_glyclt(e),,EX_k(e),,
3OAS3M4,,,3OAR120,,LYSt3rpp,,DHQTi,,,,,,EX_biomass(e),IPMDr,PGAMT,,IHPDCOATA,,
EAR14M16x,,,EX_mn2(e),,G1PTT,,,,,,,,CLPNSAI17,,PRFGS,,XYLK,,
BVUtepp,,,PRFGS,,KDOPSr,,,,,,,,ACBIPGT,,DTMPK,,TMDS,,
EX_fe2(e),,,GLYCLTDxr,,OIVD3,,,,,,,,UAMAGS,,3OAR10M12,,EAR13M14x,,
3OAR9M10,,,DM_kdo2lipid4L(c),,CLPNSI17,,,,,,,,3OAR5M6,,THZPSN,,CU2tex,,
PSCVT,,,DTMPK,,PGPPAI17,,,,,,,,MEPCT,,G1PACT,,3OAS60,,
PGPP180,,,3OAR10M12,,FE2tex,,,,,,,,EAR12M14x,,EX_gam(e),,KAS14,,
Q8tex,,,EX_biomass(e),,3OAS6M8,,,,,,,,3OAR8M10,,EX_biomass(e),,3OAS9M10,,
CGLYtex,,,CLPNSAI17,,ANPRT,,,,,,,,NNDMBRT,,CLPNSAI17,,OMCDC,,
